,rooms,garages,useful_area,value,interior_quality,bairro_categ,room_bairro_categ,garages_bairro_categ,useful_area_bairro_categ,value_bairro_categ,time_on_market_bairro_categ,price_prediction,market_prediction,lucro,lucro_por_dia,index,lucro_por_dia_opt,value_compra,portfolio
284,2.0,1.0,80,601271.0,2, Cerqueira César,2.71875,1.7232142857142858,153.12946428571428,1984243.03125,134.25085801515522,1048472.8786912805,83.63292719265672,447201.8786912805,5347.198689591562,284,5347.198689591562,601271.0,1.0
783,3.0,3.0,170,792127.0,2,outros,2.8818380743982495,2.113785557986871,138.28063457330416,1279899.8588621444,105.76065770884176,1709994.9655947525,89.42370390628034,917867.9655947525,10264.257970758124,783,10264.257970758124,792127.0,1.0
785,2.0,1.0,70,321118.0,1,outros,2.8818380743982495,2.113785557986871,138.28063457330416,1279899.8588621444,105.76065770884176,594911.9616416071,68.21012620608772,273793.9616416071,4013.9782297774304,785,4013.9782297774304,321118.0,1.0
840,2.0,1.0,64,314031.0,2,outros,2.8818380743982495,2.113785557986871,138.28063457330416,1279899.8588621444,105.76065770884176,539391.2193608342,67.41270834452942,225360.21936083422,3342.9931076062803,840,3342.9931076062803,314031.0,1.0
881,2.0,1.0,45,220182.0,2,outros,2.8818380743982495,2.113785557986871,138.28063457330416,1279899.8588621444,105.76065770884176,363575.5354717204,64.88755178292817,143393.5354717204,2209.8774191916273,881,2209.8774191916273,220182.0,1.0
882,3.0,2.0,65,318041.0,2,outros,2.8818380743982495,2.113785557986871,138.28063457330416,1279899.8588621444,105.76065770884176,643513.3260444293,71.50725132523303,325472.3260444293,4551.598893993269,882,4551.598893993269,318041.0,1.0
883,2.0,2.0,65,318041.0,2,outros,2.8818380743982495,2.113785557986871,138.28063457330416,1279899.8588621444,105.76065770884176,643513.3260444293,71.50725132523303,325472.3260444293,4551.598893993269,883,4551.598893993269,318041.0,1.0
884,2.0,1.0,56,274005.0,3,outros,2.8818380743982495,2.113785557986871,138.28063457330416,1279899.8588621444,105.76065770884176,465363.5629864705,66.34948452911837,191358.56298647053,2884.100220891546,884,2884.100220891546,274005.0,1.0
885,2.0,1.0,46,225075.0,3,outros,2.8818380743982495,2.113785557986871,138.28063457330416,1279899.8588621444,105.76065770884176,372828.9925185158,65.02045475985456,147753.9925185158,2272.423240720599,885,2272.423240720599,225075.0,1.0
1044,3.0,3.0,181,930330.0,3,outros,2.8818380743982495,2.113785557986871,138.28063457330416,1279899.8588621444,105.76065770884176,1811782.9931095026,90.88563665247054,881452.9931095026,9698.485102547193,1044,9698.485102547193,930330.0,1.0
1045,3.0,2.0,91,467735.0,1,outros,2.8818380743982495,2.113785557986871,138.28063457330416,1279899.8588621444,105.76065770884176,884103.2092611112,74.96272872531895,416368.2092611112,5554.336352759811,1045,5554.336352759811,467735.0,1.0
1047,3.0,3.0,157,892370.0,2,outros,2.8818380743982495,2.113785557986871,138.28063457330416,1279899.8588621444,105.76065770884176,1589700.0239864115,87.69596520623737,697330.0239864115,7951.67739298471,1047,7951.67739298471,892370.0,1.0
1056,4.0,3.0,176,905077.0,2,outros,2.8818380743982495,2.113785557986871,138.28063457330416,1279899.8588621444,105.76065770884176,1765515.7078755253,90.22112176783864,860438.7078755253,9536.998554392261,1056,9536.998554392261,905077.0,1.0
1058,4.0,4.0,197,1087570.0,3,outros,2.8818380743982495,2.113785557986871,138.28063457330416,1279899.8588621444,105.76065770884176,2054706.9554950295,96.97372428706987,967136.9554950295,9973.185650084226,1058,9973.185650084226,1087570.0,1.0
1063,4.0,3.0,147,832523.0,1,outros,2.8818380743982495,2.113785557986871,138.28063457330416,1279899.8588621444,105.76065770884176,1497165.453518457,86.36693543697356,664642.453518457,7695.566019052292,1063,7695.566019052292,832523.0,1.0
1067,4.0,2.0,140,649574.0,2,outros,2.8818380743982495,2.113785557986871,138.28063457330416,1279899.8588621444,105.76065770884176,1337522.604554089,81.47497459471165,687948.604554089,8443.679890373873,1067,8443.679890373873,649574.0,1.0
1068,4.0,3.0,265,1229550.0,2,outros,2.8818380743982495,2.113785557986871,138.28063457330416,1279899.8588621444,105.76065770884176,2589073.3850403223,102.04948671428664,1359523.3850403223,13322.19718896433,1068,13322.19718896433,1229550.0,1.0
1083,4.0,2.0,166,790106.0,1,outros,2.8818380743982495,2.113785557986871,138.28063457330416,1279899.8588621444,105.76065770884176,1578112.4877707714,84.93045199479761,788006.4877707714,9278.256140907391,1083,9278.256140907391,790106.0,1.0
1134,2.0,2.0,90,530568.0,2,outros,2.8818380743982495,2.113785557986871,138.28063457330416,1279899.8588621444,105.76065770884176,874849.752214316,74.82982574839258,344281.75221431605,4600.862674355641,1134,4600.862674355641,530568.0,1.0
1251,3.0,2.0,145,736955.0,1,outros,2.8818380743982495,2.113785557986871,138.28063457330416,1279899.8588621444,105.76065770884176,1383789.8897880667,82.1394894793436,646834.8897880667,7874.83455142161,1251,7874.83455142161,736955.0,1.0
1253,3.0,1.0,80,359373.0,2,outros,2.8818380743982495,2.113785557986871,138.28063457330416,1279899.8588621444,105.76065770884176,687446.5321095616,69.53915597535155,328073.5321095616,4717.824476124627,1253,4717.824476124627,359373.0,1.0
1283,3.0,2.0,101,584642.0,2,outros,2.8818380743982495,2.113785557986871,138.28063457330416,1279899.8588621444,105.76065770884176,976637.7797290662,76.29175849458278,391995.7797290662,5138.114358143946,1283,5138.114358143946,584642.0,1.0
1284,2.0,1.0,75,374917.0,1,outros,2.8818380743982495,2.113785557986871,138.28063457330416,1279899.8588621444,105.76065770884176,641179.2468755844,68.87464109071962,266262.24687558436,3865.896687938768,1284,3865.896687938768,374917.0,1.0
1382,3.0,4.0,97,630916.0,3,outros,2.8818380743982495,2.113785557986871,138.28063457330416,1279899.8588621444,105.76065770884176,1129361.250815483,83.68342659443167,498445.25081548304,5956.319800707704,1382,5956.319800707704,630916.0,1.0
1402,3.0,2.0,75,358039.0,3,outros,2.8818380743982495,2.113785557986871,138.28063457330416,1279899.8588621444,105.76065770884176,736047.8965123838,72.83628109449684,378008.8965123838,5189.843452083447,1402,5189.843452083447,358039.0,1.0
1432,3.0,1.0,75,397143.0,1,outros,2.8818380743982495,2.113785557986871,138.28063457330416,1279899.8588621444,105.76065770884176,641179.2468755844,68.87464109071962,244036.24687558436,3543.1944618651023,1432,3543.1944618651023,397143.0,1.0
1493,3.0,2.0,80,444268.0,3,outros,2.8818380743982495,2.113785557986871,138.28063457330416,1279899.8588621444,105.76065770884176,782315.1817463611,73.50079597912875,338047.1817463611,4599.231576245144,1493,4599.231576245144,444268.0,1.0
1494,3.0,2.0,90,499802.0,1,outros,2.8818380743982495,2.113785557986871,138.28063457330416,1279899.8588621444,105.76065770884176,874849.752214316,74.82982574839258,375047.75221431605,5012.008894359512,1494,5012.008894359512,499802.0,1.0
1498,3.0,2.0,125,650341.0,2,outros,2.8818380743982495,2.113785557986871,138.28063457330416,1279899.8588621444,105.76065770884176,1198720.7488521573,79.48142994081594,548379.7488521573,6899.470093334958,1498,6899.470093334958,650341.0,1.0
1506,4.0,3.0,168,811772.0,2,outros,2.8818380743982495,2.113785557986871,138.28063457330416,1279899.8588621444,105.76065770884176,1691488.0515011617,89.15789795242759,879716.0515011617,9866.944731812273,1506,9866.944731812273,811772.0,1.0
1528,2.0,1.0,65,337474.0,1,outros,2.8818380743982495,2.113785557986871,138.28063457330416,1279899.8588621444,105.76065770884176,548644.6764076299,67.54561132145582,211170.67640762986,3126.3419232768365,1528,3126.3419232768365,337474.0,1.0
1537,2.0,1.0,55,251670.0,1,outros,2.8818380743982495,2.113785557986871,138.28063457330416,1279899.8588621444,105.76065770884176,456110.1059396749,66.216581552192,204440.1059396749,3087.445789972334,1537,3087.445789972334,251670.0,1.0
1541,3.0,2.0,75,398773.0,2,outros,2.8818380743982495,2.113785557986871,138.28063457330416,1279899.8588621444,105.76065770884176,736047.8965123838,72.83628109449684,337274.8965123838,4630.589198737478,1541,4630.589198737478,398773.0,1.0
1542,2.0,2.0,61,366447.0,1,outros,2.8818380743982495,2.113785557986871,138.28063457330416,1279899.8588621444,105.76065770884176,606499.4978572472,70.9756394175275,240052.49785724725,3382.1815460526313,1542,3382.1815460526313,366447.0,1.0
1586,2.0,1.0,62,303759.0,2,outros,2.8818380743982495,2.113785557986871,138.28063457330416,1279899.8588621444,105.76065770884176,520884.3052672434,67.14690239067667,217125.3052672434,3233.5863239670634,1586,3233.5863239670634,303759.0,1.0
1587,3.0,1.0,120,571560.0,1,outros,2.8818380743982495,2.113785557986871,138.28063457330416,1279899.8588621444,105.76065770884176,1057584.81398138,74.8552750524068,486024.8139813801,6492.85990387598,1587,6492.85990387598,571560.0,1.0
1621,3.0,1.0,61,298469.0,2,outros,2.8818380743982495,2.113785557986871,138.28063457330416,1279899.8588621444,105.76065770884176,511630.8482204478,67.01399941375028,213161.84822044778,3180.8554941538096,1621,3180.8554941538096,298469.0,1.0
1622,2.0,1.0,52,254433.0,3,outros,2.8818380743982495,2.113785557986871,138.28063457330416,1279899.8588621444,105.76065770884176,428349.73479928845,65.81787262141285,173916.73479928845,2642.393743104776,1622,2642.393743104776,254433.0,1.0
1623,2.0,1.0,48,234861.0,1,outros,2.8818380743982495,2.113785557986871,138.28063457330416,1279899.8588621444,105.76065770884176,391335.90661210683,65.28626071370732,156474.90661210683,2396.7509381227865,1623,2396.7509381227865,234861.0,1.0
1624,3.0,1.0,121,592046.0,3,outros,2.8818380743982495,2.113785557986871,138.28063457330416,1279899.8588621444,105.76065770884176,1066838.2710281757,74.9881780293332,474792.2710281757,6331.561634187869,1624,6331.561634187869,592046.0,1.0
1625,3.0,1.0,121,592046.0,2,outros,2.8818380743982495,2.113785557986871,138.28063457330416,1279899.8588621444,105.76065770884176,1066838.2710281757,74.9881780293332,474792.2710281757,6331.561634187869,1625,6331.561634187869,592046.0,1.0
1626,2.0,1.0,68,332720.0,1,outros,2.8818380743982495,2.113785557986871,138.28063457330416,1279899.8588621444,105.76065770884176,576405.0475480161,67.94432025223495,243685.04754801607,3586.5403707530704,1626,3586.5403707530704,332720.0,1.0
1652,3.0,1.0,84,427136.0,2,outros,2.8818380743982495,2.113785557986871,138.28063457330416,1279899.8588621444,105.76065770884176,724460.3602967437,70.07076788305707,297324.3602967437,4243.201113379491,1652,4243.201113379491,427136.0,1.0
1653,2.0,1.0,70,355946.0,2,outros,2.8818380743982495,2.113785557986871,138.28063457330416,1279899.8588621444,105.76065770884176,594911.9616416071,68.21012620608772,238965.9616416071,3503.379555692414,1653,3503.379555692414,355946.0,1.0
1714,3.0,1.0,120,628497.0,2,outros,2.8818380743982495,2.113785557986871,138.28063457330416,1279899.8588621444,105.76065770884176,1057584.81398138,74.8552750524068,429087.8139813801,5732.23214637809,1714,5732.23214637809,628497.0,1.0
1817,4.0,4.0,193,1053200.0,2,outros,2.8818380743982495,2.113785557986871,138.28063457330416,1279899.8588621444,105.76065770884176,2017693.1273078478,96.44211237936435,964493.1273078478,10000.746598269448,1817,10000.746598269448,1053200.0,1.0
1828,4.0,2.0,195,961653.0,2,outros,2.8818380743982495,2.113785557986871,138.28063457330416,1279899.8588621444,105.76065770884176,1846462.7421278397,88.78463832566268,884809.7421278397,9965.797674169165,1828,9965.797674169165,961653.0,1.0
1940,3.0,1.0,96,409596.0,2,outros,2.8818380743982495,2.113785557986871,138.28063457330416,1279899.8588621444,105.76065770884176,835501.844858289,71.66560360617365,425905.844858289,5942.960408158751,1940,5942.960408158751,409596.0,1.0
2016,3.0,2.0,90,528589.0,1,outros,2.8818380743982495,2.113785557986871,138.28063457330416,1279899.8588621444,105.76065770884176,874849.752214316,74.82982574839258,346260.75221431605,4627.3093482614995,2016,4627.3093482614995,528589.0,1.0
2051,4.0,4.0,300,1491740.0,2,outros,2.8818380743982495,2.113785557986871,138.28063457330416,1279899.8588621444,105.76065770884176,3581527.3682162818,134.62058923892647,2089787.3682162818,15523.53455018161,2051,15523.53455018161,1491740.0,1.0
2059,3.0,2.0,152,747651.0,1,outros,2.8818380743982495,2.113785557986871,138.28063457330416,1279899.8588621444,105.76065770884176,1448564.0891156348,83.06981031782826,700913.0891156348,8437.639214943607,2059,8437.639214943607,747651.0,1.0
2060,3.0,2.0,90,442688.0,1,outros,2.8818380743982495,2.113785557986871,138.28063457330416,1279899.8588621444,105.76065770884176,874849.752214316,74.82982574839258,432161.75221431605,5775.260705101927,2060,5775.260705101927,442688.0,1.0
2072,3.0,2.0,90,448225.0,1,outros,2.8818380743982495,2.113785557986871,138.28063457330416,1279899.8588621444,105.76065770884176,874849.752214316,74.82982574839258,426624.75221431605,5701.266145517924,2072,5701.266145517924,448225.0,1.0
2079,3.0,3.0,162,886812.0,3,outros,2.8818380743982495,2.113785557986871,138.28063457330416,1279899.8588621444,105.76065770884176,1635967.3092203888,88.36048009086929,749155.3092203888,8478.397904243648,2079,8478.397904243648,886812.0,1.0
2080,3.0,3.0,162,886812.0,1,outros,2.8818380743982495,2.113785557986871,138.28063457330416,1279899.8588621444,105.76065770884176,1635967.3092203888,88.36048009086929,749155.3092203888,8478.397904243648,2080,8478.397904243648,886812.0,1.0
2082,3.0,3.0,162,886812.0,1,outros,2.8818380743982495,2.113785557986871,138.28063457330416,1279899.8588621444,105.76065770884176,1635967.3092203888,88.36048009086929,749155.3092203888,8478.397904243648,2082,8478.397904243648,886812.0,1.0
2086,3.0,1.0,68,348963.0,3,outros,2.8818380743982495,2.113785557986871,138.28063457330416,1279899.8588621444,105.76065770884176,576405.0475480161,67.94432025223495,227442.04754801607,3347.4769738466057,2086,3347.4769738466057,348963.0,1.0
2089,2.0,1.0,49,239754.0,3,outros,2.8818380743982495,2.113785557986871,138.28063457330416,1279899.8588621444,105.76065770884176,400589.36365890224,65.4191636906337,160835.36365890224,2458.5359179993557,2089,2458.5359179993557,239754.0,1.0
2129,2.0,2.0,86,420793.0,3,outros,2.8818380743982495,2.113785557986871,138.28063457330416,1279899.8588621444,105.76065770884176,837835.924027134,74.29821384068704,417042.92402713397,5613.094884371954,2129,5613.094884371954,420793.0,1.0
2130,3.0,1.0,63,308255.0,1,outros,2.8818380743982495,2.113785557986871,138.28063457330416,1279899.8588621444,105.76065770884176,530137.7623140386,67.27980536760305,221882.76231403858,3297.9102882613397,2130,3297.9102882613397,308255.0,1.0
2149,3.0,2.0,90,486633.0,2,outros,2.8818380743982495,2.113785557986871,138.28063457330416,1279899.8588621444,105.76065770884176,874849.752214316,74.82982574839258,388216.75221431605,5187.994871452114,2149,5187.994871452114,486633.0,1.0
2154,2.0,2.0,70,299521.0,2,outros,2.8818380743982495,2.113785557986871,138.28063457330416,1279899.8588621444,105.76065770884176,689780.6112784066,72.17176620986494,390259.6112784066,5407.372325399225,2154,5407.372325399225,299521.0,1.0
2155,3.0,1.0,109,499403.0,2,outros,2.8818380743982495,2.113785557986871,138.28063457330416,1279899.8588621444,105.76065770884176,955796.78646663,73.39334230621661,456393.78646662994,6218.463039364433,2155,6218.463039364433,499403.0,1.0
2184,4.0,3.0,113,685659.0,3,outros,2.8818380743982495,2.113785557986871,138.28063457330416,1279899.8588621444,105.76065770884176,1182547.913927411,81.84823422147656,496888.91392741096,6070.856856641018,2184,6070.856856641018,685659.0,1.0
2201,3.0,1.0,73,368768.0,2,outros,2.8818380743982495,2.113785557986871,138.28063457330416,1279899.8588621444,105.76065770884176,622672.3327819936,68.60883513686687,253904.33278199355,3700.7527131962393,2201,3700.7527131962393,368768.0,1.0
2267,3.0,2.0,82,483242.0,2,outros,2.8818380743982495,2.113785557986871,138.28063457330416,1279899.8588621444,105.76065770884176,800822.0958399524,73.76660193298153,317580.09583995235,4305.201642993944,2267,4305.201642993944,483242.0,1.0
2311,3.0,2.0,67,378000.0,3,outros,2.8818380743982495,2.113785557986871,138.28063457330416,1279899.8588621444,105.76065770884176,662020.2401380201,71.77305727908579,284020.24013802013,3957.198577087531,2311,3957.198577087531,378000.0,1.0
2313,4.0,2.0,260,1235190.0,1,outros,2.8818380743982495,2.113785557986871,138.28063457330416,1279899.8588621444,105.76065770884176,2447937.4501695447,97.42333182587751,1212747.4501695447,12448.223925835962,2313,12448.223925835962,1235190.0,1.0
2318,3.0,2.0,114,570725.0,2,outros,2.8818380743982495,2.113785557986871,138.28063457330416,1279899.8588621444,105.76065770884176,1096932.7213374071,78.01949719462574,526207.7213374071,6744.566938501805,2318,6744.566938501805,570725.0,1.0
2325,2.0,1.0,57,297708.0,3,outros,2.8818380743982495,2.113785557986871,138.28063457330416,1279899.8588621444,105.76065770884176,474617.02003326593,66.48238750604476,176909.02003326593,2660.9907777030553,2325,2660.9907777030553,297708.0,1.0
2326,2.0,1.0,60,313377.0,3,outros,2.8818380743982495,2.113785557986871,138.28063457330416,1279899.8588621444,105.76065770884176,502377.3911736524,66.8810964368239,189000.39117365237,2825.9164583550564,2326,2825.9164583550564,313377.0,1.0
2327,3.0,1.0,80,417836.0,2,outros,2.8818380743982495,2.113785557986871,138.28063457330416,1279899.8588621444,105.76065770884176,687446.5321095616,69.53915597535155,269610.5321095616,3877.103889571599,2327,3877.103889571599,417836.0,1.0
2336,3.0,1.0,145,660116.0,2,outros,2.8818380743982495,2.113785557986871,138.28063457330416,1279899.8588621444,105.76065770884176,1288921.2401512668,78.17784947556636,628805.2401512668,8043.266019331896,2336,8043.266019331896,660116.0,1.0
2338,2.0,2.0,123,683251.0,1,outros,2.8818380743982495,2.113785557986871,138.28063457330416,1279899.8588621444,105.76065770884176,1180213.8347585665,79.21562398696318,496962.83475856646,6273.545668722543,2338,6273.545668722543,683251.0,1.0
2390,3.0,2.0,84,411007.0,1,outros,2.8818380743982495,2.113785557986871,138.28063457330416,1279899.8588621444,105.76065770884176,819329.0099335432,74.03240788683428,408322.00993354316,5515.449538770953,2390,5515.449538770953,411007.0,1.0
2391,3.0,2.0,83,409421.0,1,outros,2.8818380743982495,2.113785557986871,138.28063457330416,1279899.8588621444,105.76065770884176,810075.5528867475,73.8995049099079,400654.5528867475,5421.613492203934,2391,5421.613492203934,409421.0,1.0
2438,4.0,2.0,75,404318.0,3,outros,2.8818380743982495,2.113785557986871,138.28063457330416,1279899.8588621444,105.76065770884176,736047.8965123838,72.83628109449684,331729.8965123838,4554.459556797001,2438,4554.459556797001,404318.0,1.0
2440,3.0,2.0,70,377363.0,3,outros,2.8818380743982495,2.113785557986871,138.28063457330416,1279899.8588621444,105.76065770884176,689780.6112784066,72.17176620986494,312417.6112784066,4328.806508211838,2440,4328.806508211838,377363.0,1.0
2442,4.0,2.0,75,404318.0,1,outros,2.8818380743982495,2.113785557986871,138.28063457330416,1279899.8588621444,105.76065770884176,736047.8965123838,72.83628109449684,331729.8965123838,4554.459556797001,2442,4554.459556797001,404318.0,1.0
2508,2.0,1.0,69,337613.0,1,outros,2.8818380743982495,2.113785557986871,138.28063457330416,1279899.8588621444,105.76065770884176,585658.5045948115,68.07722322916133,248045.50459481147,3643.5902175363626,2508,3643.5902175363626,337613.0,1.0
2509,3.0,2.0,85,415900.0,2,outros,2.8818380743982495,2.113785557986871,138.28063457330416,1279899.8588621444,105.76065770884176,828582.4669803383,74.16531086376065,412682.46698033833,5564.359700971564,2509,5564.359700971564,415900.0,1.0
2545,3.0,2.0,153,837544.0,1,outros,2.8818380743982495,2.113785557986871,138.28063457330416,1279899.8588621444,105.76065770884176,1457817.5461624304,83.20271329475466,620273.5461624304,7454.967772085076,2545,7454.967772085076,837544.0,1.0
2549,2.0,1.0,67,341725.0,3,outros,2.8818380743982495,2.113785557986871,138.28063457330416,1279899.8588621444,105.76065770884176,567151.5905012207,67.81141727530857,225426.59050122066,3324.316163250326,2549,3324.316163250326,341725.0,1.0
2550,1.0,1.0,57,290721.0,1,outros,2.8818380743982495,2.113785557986871,138.28063457330416,1279899.8588621444,105.76065770884176,474617.02003326593,66.48238750604476,183896.02003326593,2766.0862813710714,2550,2766.0862813710714,290721.0,1.0
2581,2.0,2.0,64,320386.0,1,outros,2.8818380743982495,2.113785557986871,138.28063457330416,1279899.8588621444,105.76065770884176,634259.8689976337,71.37434834830665,313873.8689976337,4397.5724649131635,2581,4397.5724649131635,320386.0,1.0
3024,3.0,4.0,187,1091290.0,2, Santo Amaro,2.793103448275862,1.9137931034482758,132.89655172413794,1178549.9827586208,80.12161449285958,1910223.3111514554,85.56124366475532,818933.3111514554,9571.311449845056,3024,9571.311449845056,1091290.0,1.0
3094,2.0,1.0,84,427662.0,3, Santo Amaro,2.793103448275862,1.9137931034482758,132.89655172413794,1178549.9827586208,80.12161449285958,672511.2864211241,59.987317030006345,244849.28642112412,4081.6842383307076,3094,4081.6842383307076,427662.0,1.0
3168,2.0,1.0,72,651047.0,3, Vila Nova Conceição,2.7264957264957266,2.247863247863248,154.54700854700855,2311609.3504273505,137.04897670976024,1142243.9188043473,84.53062642029175,491196.9188043473,5810.875177501754,3168,5810.875177501754,651047.0,1.0
3199,2.0,1.0,56,530390.0,2, Vila Nova Conceição,2.7264957264957266,2.247863247863248,154.54700854700855,2311609.3504273505,137.04897670976024,994188.6060556199,82.40417878946964,463798.6060556199,5628.338427357622,3199,5628.338427357622,530390.0,1.0
3205,1.0,1.0,35,442842.0,3, Vila Nova Conceição,2.7264957264957266,2.247863247863248,154.54700854700855,2311609.3504273505,137.04897670976024,799866.0080729148,79.6132162740156,357024.0080729148,4484.48165746874,3205,4484.48165746874,442842.0,1.0
3227,3.0,3.0,230,930335.0,1, Vila Andrade,3.2142857142857144,2.8190476190476192,187.8904761904762,1407451.4,103.06433088496718,2330581.6931265565,105.42709981994,1400246.6931265565,13281.658089030732,3227,13281.658089030732,930335.0,1.0
3246,3.0,2.0,128,718824.0,1, Vila Andrade,3.2142857142857144,2.8190476190476192,187.8904761904762,1407451.4,103.06433088496718,1291860.4247166193,87.90935616967181,573036.4247166193,6518.4918839652855,3246,6518.4918839652855,718824.0,1.0
3264,3.0,2.0,68,435708.0,2, Vila Andrade,3.2142857142857144,2.8190476190476192,187.8904761904762,1407451.4,103.06433088496718,736653.0019088914,79.93517755408891,300945.00190889137,3764.8631193100687,3264,3764.8631193100687,435708.0,1.0
3271,4.0,4.0,300,1462270.0,2, Vila Andrade,3.2142857142857144,2.8190476190476192,187.8904761904762,1407451.4,103.06433088496718,3239754.562881357,125.6474554652076,1777484.562881357,14146.602144072478,3271,14146.602144072478,1462270.0,1.0
3274,4.0,4.0,272,1134910.0,1, Vila Andrade,3.2142857142857144,2.8190476190476192,187.8904761904762,1407451.4,103.06433088496718,2814095.538728765,114.97066485462523,1679185.5387287652,14605.339030195339,3274,14605.339030195339,1134910.0,1.0
3291,1.0,1.0,59,297940.0,3, Vila Andrade,3.2142857142857144,2.8190476190476192,187.8904761904762,1407451.4,103.06433088496718,558503.2388509326,74.77741075797425,260563.23885093257,3484.5180678196475,3291,3484.5180678196475,297940.0,1.0
3292,2.0,2.0,104,525183.0,1, Vila Andrade,3.2142857142857144,2.8190476190476192,187.8904761904762,1407451.4,103.06433088496718,1069777.455593528,84.71968472343866,544594.455593528,6428.192661142656,3292,6428.192661142656,525183.0,1.0
3296,2.0,1.0,60,322231.0,3, Vila Andrade,3.2142857142857144,2.8190476190476192,187.8904761904762,1407451.4,103.06433088496718,567756.695897728,74.91031373490063,245525.69589772797,3277.595349107954,3296,3277.595349107954,322231.0,1.0
3301,4.0,3.0,183,932984.0,3, Vila Andrade,3.2142857142857144,2.8190476190476192,187.8904761904762,1407451.4,103.06433088496718,1895669.2119271692,99.18065990440004,962685.2119271692,9706.380385602382,3301,9706.380385602382,932984.0,1.0
3307,3.0,3.0,193,949985.0,3, Vila Andrade,3.2142857142857144,2.8190476190476192,187.8904761904762,1407451.4,103.06433088496718,1988203.7823951237,100.50968967366387,1038218.7823951237,10329.539229163134,3307,10329.539229163134,949985.0,1.0
3333,3.0,3.0,125,690515.0,3, Vila Andrade,3.2142857142857144,2.8190476190476192,187.8904761904762,1407451.4,103.06433088496718,1358968.7032130326,91.47228724266989,668453.7032130326,7307.71825394143,3333,7307.71825394143,690515.0,1.0
3335,3.0,1.0,144,657232.0,1, Vila Andrade,3.2142857142857144,2.8190476190476192,187.8904761904762,1407451.4,103.06433088496718,1345047.087828547,86.07416379671673,687815.087828547,7990.95869758288,3335,7990.95869758288,657232.0,1.0
3336,2.0,2.0,69,314924.0,1, Vila Andrade,3.2142857142857144,2.8190476190476192,187.8904761904762,1407451.4,103.06433088496718,745906.4589556868,80.06808053101528,430982.4589556868,5382.700023497388,3336,5382.700023497388,314924.0,1.0
3347,3.0,3.0,185,969998.0,2, Vila Andrade,3.2142857142857144,2.8190476190476192,187.8904761904762,1407451.4,103.06433088496718,1914176.1260207605,99.44646585825282,944178.1260207605,9494.335649559993,3347,9494.335649559993,969998.0,1.0
3348,3.0,2.0,108,566269.0,1, Vila Andrade,3.2142857142857144,2.8190476190476192,187.8904761904762,1407451.4,103.06433088496718,1106791.2837807098,85.25129663114419,540522.2837807098,6340.3409114043325,3348,6340.3409114043325,566269.0,1.0
3350,2.0,2.0,103,608346.0,3, Vila Andrade,3.2142857142857144,2.8190476190476192,187.8904761904762,1407451.4,103.06433088496718,1060523.9985467326,84.58678174651227,452177.9985467326,5345.7288386004475,3350,5345.7288386004475,608346.0,1.0
3352,4.0,3.0,170,872226.0,1, Vila Andrade,3.2142857142857144,2.8190476190476192,187.8904761904762,1407451.4,103.06433088496718,1775374.2703188283,97.4529212043571,903148.2703188283,9267.534099105576,3352,9267.534099105576,872226.0,1.0
3368,2.0,3.0,129,731458.0,3, Vila Andrade,3.2142857142857144,2.8190476190476192,187.8904761904762,1407451.4,103.06433088496718,1395982.5314002142,92.00389915037542,664524.5314002142,7222.786615968141,3368,7222.786615968141,731458.0,1.0
3372,2.0,2.0,85,453577.0,1, Vila Andrade,3.2142857142857144,2.8190476190476192,187.8904761904762,1407451.4,103.06433088496718,893961.7717044142,82.19452816183738,440384.77170441416,5357.835631555863,3372,5357.835631555863,453577.0,1.0
3373,2.0,3.0,170,907154.0,2, Vila Andrade,3.2142857142857144,2.8190476190476192,187.8904761904762,1407451.4,103.06433088496718,1775374.2703188283,97.4529212043571,868220.2703188283,8909.125140519753,3373,8909.125140519753,907154.0,1.0
3379,4.0,3.0,300,1653800.0,2, Vila Andrade,3.2142857142857144,2.8190476190476192,187.8904761904762,1407451.4,103.06433088496718,3903669.391081786,153.37201518614035,2249869.391081786,14669.360563276332,3379,14669.360563276332,1653800.0,1.0
3382,3.0,2.0,150,726394.0,1, Vila Andrade,3.2142857142857144,2.8190476190476192,187.8904761904762,1407451.4,103.06433088496718,1495436.4797461194,90.83322166205224,769042.4797461194,8466.53312162994,3382,8466.53312162994,726394.0,1.0
3383,3.0,2.0,140,765189.0,3, Vila Andrade,3.2142857142857144,2.8190476190476192,187.8904761904762,1407451.4,103.06433088496718,1402901.9092781649,89.50419189278841,637712.9092781649,7124.950192746749,3383,7124.950192746749,765189.0,1.0
3384,4.0,3.0,300,1346570.0,1, Vila Andrade,3.2142857142857144,2.8190476190476192,187.8904761904762,1407451.4,103.06433088496718,3117125.5421041707,120.52656425198975,1770555.5421041707,14690.168537471944,3384,14690.168537471944,1346570.0,1.0
3385,4.0,3.0,170,726718.0,3, Vila Andrade,3.2142857142857144,2.8190476190476192,187.8904761904762,1407451.4,103.06433088496718,1775374.2703188283,97.4529212043571,1048656.2703188283,10760.64480529849,3385,10760.64480529849,726718.0,1.0
3387,4.0,4.0,253,1276450.0,1, Vila Andrade,3.2142857142857144,2.8190476190476192,187.8904761904762,1407451.4,103.06433088496718,2638279.854839652,112.445508293024,1361829.8548396518,12111.02048906064,3387,12111.02048906064,1276450.0,1.0
3388,3.0,4.0,123,620567.0,2, Vila Andrade,3.2142857142857144,2.8190476190476192,187.8904761904762,1407451.4,103.06433088496718,1435330.4387562412,95.16812129259435,814763.4387562412,8561.306324953619,3388,8561.306324953619,620567.0,1.0
3395,3.0,2.0,121,516055.0,2, Vila Andrade,3.2142857142857144,2.8190476190476192,187.8904761904762,1407451.4,103.06433088496718,1227086.225389051,86.97903533118716,711031.225389051,8174.742599543456,3395,8174.742599543456,516055.0,1.0
3396,3.0,2.0,250,1146770.0,1, Vila Andrade,3.2142857142857144,2.8190476190476192,187.8904761904762,1407451.4,103.06433088496718,2420782.184425666,104.12351935469042,1274012.184425666,12235.585123528348,3396,12235.585123528348,1146770.0,1.0
3397,4.0,3.0,168,727450.0,3, Vila Andrade,3.2142857142857144,2.8190476190476192,187.8904761904762,1407451.4,103.06433088496718,1756867.3562252375,97.18711525050432,1029417.3562252375,10592.11762353339,3397,10592.11762353339,727450.0,1.0
3398,4.0,3.0,234,1009030.0,3, Vila Andrade,3.2142857142857144,2.8190476190476192,187.8904761904762,1407451.4,103.06433088496718,2367595.521313738,105.95871172764555,1358565.521313738,12821.650048046748,3398,12821.650048046748,1009030.0,1.0
3402,3.0,2.0,119,655278.0,1, Vila Andrade,3.2142857142857144,2.8190476190476192,187.8904761904762,1407451.4,103.06433088496718,1208579.3112954602,86.71322937733439,553301.3112954602,6380.817728374044,3402,6380.817728374044,655278.0,1.0
3405,3.0,3.0,140,687239.0,1, Vila Andrade,3.2142857142857144,2.8190476190476192,187.8904761904762,1407451.4,103.06433088496718,1497770.5589149643,93.46583189656562,810531.5589149643,8671.955756109277,3405,8671.955756109277,687239.0,1.0
3409,3.0,2.0,250,1127010.0,2, Vila Andrade,3.2142857142857144,2.8190476190476192,187.8904761904762,1407451.4,103.06433088496718,2420782.184425666,104.12351935469042,1293772.184425666,12425.359730864551,3409,12425.359730864551,1127010.0,1.0
3410,3.0,2.0,130,586047.0,1, Vila Andrade,3.2142857142857144,2.8190476190476192,187.8904761904762,1407451.4,103.06433088496718,1310367.3388102103,88.1751621235246,724320.3388102103,8214.562030467376,3410,8214.562030467376,586047.0,1.0
3417,3.0,2.0,72,406802.0,2, Vila Andrade,3.2142857142857144,2.8190476190476192,187.8904761904762,1407451.4,103.06433088496718,773666.8300960732,80.46678946179443,366864.8300960732,4559.207998105359,3417,4559.207998105359,406802.0,1.0
3431,2.0,2.0,74,370925.0,2, Vila Andrade,3.2142857142857144,2.8190476190476192,187.8904761904762,1407451.4,103.06433088496718,792173.744189664,80.73259541564718,421248.744189664,5217.827347441127,3431,5217.827347441127,370925.0,1.0
3436,3.0,2.0,120,606848.0,1, Vila Andrade,3.2142857142857144,2.8190476190476192,187.8904761904762,1407451.4,103.06433088496718,1217832.7683422556,86.84613235426076,610984.7683422556,7035.255938053067,3436,7035.255938053067,606848.0,1.0
3441,2.0,2.0,80,491896.0,1, Vila Andrade,3.2142857142857144,2.8190476190476192,187.8904761904762,1407451.4,103.06433088496718,847694.4864704369,81.53001327720548,355798.4864704369,4364.018502740912,3441,4364.018502740912,491896.0,1.0
3443,3.0,3.0,90,566058.0,3, Vila Andrade,3.2142857142857144,2.8190476190476192,187.8904761904762,1407451.4,103.06433088496718,1035097.7065751911,86.82068305024653,469039.7065751911,5402.3959510171035,3443,5402.3959510171035,566058.0,1.0
3447,4.0,3.0,167,907888.0,3, Vila Andrade,3.2142857142857144,2.8190476190476192,187.8904761904762,1407451.4,103.06433088496718,1747613.8991784418,97.05421227357795,839725.8991784418,8652.132447496551,3447,8652.132447496551,907888.0,1.0
3454,3.0,2.0,118,560555.0,3, Vila Andrade,3.2142857142857144,2.8190476190476192,187.8904761904762,1407451.4,103.06433088496718,1199325.8542486646,86.58032640040801,638770.8542486646,7377.782930668813,3454,7377.782930668813,560555.0,1.0
3473,3.0,2.0,90,536296.0,2, Vila Andrade,3.2142857142857144,2.8190476190476192,187.8904761904762,1407451.4,103.06433088496718,940229.0569383916,82.85904304646931,403933.05693839164,4874.942336853401,3473,4874.942336853401,536296.0,1.0
3600,4.0,4.0,224,1057960.0,2, Vila Suzana,3.3535353535353534,2.98989898989899,190.35353535353536,1349126.7272727273,109.18411762088041,2340034.0263707265,111.01759390398479,1282074.0263707265,11548.385992580124,3600,11548.385992580124,1057960.0,1.0
3601,4.0,3.0,127,599825.0,2, Vila Suzana,3.3535353535353534,2.98989898989899,190.35353535353536,1349126.7272727273,109.18411762088041,1347580.0431947664,94.1643651383485,747755.0431947664,7940.955605617338,3601,7940.955605617338,599825.0,1.0
3603,4.0,4.0,220,985254.0,3, Vila Suzana,3.3535353535353534,2.98989898989899,190.35353535353536,1349126.7272727273,109.18411762088041,2303020.198183544,110.48598199627921,1317766.198183544,11926.999012670422,3603,11926.999012670422,985254.0,1.0
3618,3.0,2.0,67,406352.0,3, Vila Suzana,3.3535353535353534,2.98989898989899,190.35353535353536,1349126.7272727273,109.18411762088041,697503.970750239,82.22854651898837,291151.970750239,3540.7651366305695,3618,3540.7651366305695,406352.0,1.0
3623,3.0,3.0,183,988741.0,2, Vila Suzana,3.3535353535353534,2.98989898989899,190.35353535353536,1349126.7272727273,109.18411762088041,1865773.6378153122,101.60693184622588,877032.6378153122,8631.622093880685,3623,8631.622093880685,988741.0,1.0
3635,3.0,1.0,76,382698.0,2, Vila Suzana,3.3535353535353534,2.98989898989899,190.35353535353536,1349126.7272727273,109.18411762088041,685916.4345345984,79.46303330754859,303218.4345345984,3815.8426870144935,3635,3815.8426870144935,382698.0,1.0
3636,3.0,1.0,76,382698.0,2, Vila Suzana,3.3535353535353534,2.98989898989899,190.35353535353536,1349126.7272727273,109.18411762088041,685916.4345345984,79.46303330754859,303218.4345345984,3815.8426870144935,3636,3815.8426870144935,382698.0,1.0
3637,3.0,1.0,72,362556.0,3, Vila Suzana,3.3535353535353534,2.98989898989899,190.35353535353536,1349126.7272727273,109.18411762088041,648902.6063474165,78.93142139984306,286346.6063474165,3627.789811320766,3637,3627.789811320766,362556.0,1.0
3638,4.0,3.0,220,1022300.0,1, Vila Suzana,3.3535353535353534,2.98989898989899,190.35353535353536,1349126.7272727273,109.18411762088041,2208151.5485467445,106.524341992502,1185851.5485467445,11132.211909182352,3638,11132.211909182352,1022300.0,1.0
3647,3.0,2.0,160,844809.0,2, Vila Suzana,3.3535353535353534,2.98989898989899,190.35353535353536,1349126.7272727273,109.18411762088041,1558075.4761022169,94.58852337314187,713266.4761022169,7540.729579723482,3647,7540.729579723482,844809.0,1.0
3651,4.0,3.0,184,922300.0,1, Vila Suzana,3.3535353535353534,2.98989898989899,190.35353535353536,1349126.7272727273,109.18411762088041,1875027.094862108,101.73983482315228,952727.0948621079,9364.346782341167,3651,9364.346782341167,922300.0,1.0
3653,3.0,4.0,285,1303930.0,2, Vila Suzana,3.3535353535353534,2.98989898989899,190.35353535353536,1349126.7272727273,109.18411762088041,2904494.906225249,119.12467549649406,1600564.9062252492,13436.048405205142,3653,13436.048405205142,1303930.0,1.0
3674,2.0,1.0,105,474512.0,3, Lapa,2.8507462686567164,2.014925373134328,127.07462686567165,1155577.1492537314,92.27154806851419,855058.6610808244,65.931388710628,380546.66108082444,5771.858723483571,3674,5771.858723483571,474512.0,1.0
3675,3.0,3.0,130,587491.0,1, Lapa,2.8507462686567164,2.014925373134328,127.07462686567165,1155577.1492537314,92.27154806851419,1276132.38652431,77.17724314134199,688641.3865243101,8922.855475196697,3675,8922.855475196697,587491.0,1.0
3697,3.0,2.0,102,511326.0,3, Lapa,2.8507462686567164,2.014925373134328,127.07462686567165,1155577.1492537314,92.27154806851419,922166.9395772375,69.49431978362605,410840.93957723747,5911.863600599455,3697,5911.863600599455,511326.0,1.0
3698,3.0,2.0,213,1067770.0,1, Lapa,2.8507462686567164,2.014925373134328,127.07462686567165,1155577.1492537314,92.27154806851419,1949300.671771534,84.24655022245446,881530.671771534,10463.70052475546,3698,10463.70052475546,1067770.0,1.0
3713,4.0,1.0,170,862245.0,3, Lapa,2.8507462686567164,2.014925373134328,127.07462686567165,1155577.1492537314,92.27154806851419,1456533.3691225296,74.57008221084283,594288.3691225296,7969.528147256319,3713,7969.528147256319,862245.0,1.0
3715,2.0,1.0,100,514385.0,3, Lapa,2.8507462686567164,2.014925373134328,127.07462686567165,1155577.1492537314,92.27154806851419,808791.3758468472,65.2668738259961,294406.3758468472,4510.80860149278,3715,4510.80860149278,514385.0,1.0
4276,1.0,1.0,30,310742.0,1, Jardim Paulista,2.8142201834862384,1.676605504587156,156.76605504587155,1920254.763761468,127.46620233958045,553001.4540913969,75.12078207574282,242259.45409139688,3224.9325339442203,4276,3224.9325339442203,310742.0,1.0
4386,2.0,1.0,70,494424.0,2, Jardim Paulista,2.8142201834862384,1.676605504587156,156.76605504587155,1920254.763761468,127.46620233958045,923139.7359632154,80.4369011527981,428715.73596321535,5329.839039284048,4386,5329.839039284048,494424.0,1.0
4475,2.0,1.0,92,488371.0,1, Consolação,2.4871794871794872,1.3974358974358974,132.9551282051282,1381766.608974359,121.84975401551834,850702.0255135389,76.02554737245197,362331.02551353886,4765.911434198109,4475,4765.911434198109,488371.0,1.0
4618,4.0,2.0,165,743051.0,1, Santana,2.9473684210526314,2.0631578947368423,134.41052631578947,1031589.8736842105,95.98727049646203,1441582.3703076735,80.16169600955934,698531.3703076735,8714.029331719394,4618,8714.029331719394,743051.0,1.0
4682,3.0,2.0,110,734323.0,1, Campo Belo,3.2318840579710146,2.7681159420289854,190.84057971014494,2032367.5893719806,123.6968862049268,1445612.5242045631,94.61844957157416,711289.5242045631,7517.450639122002,4682,7517.450639122002,734323.0,1.0
4728,2.0,1.0,40,398437.0,2, Campo Belo,3.2318840579710146,2.7681159420289854,190.84057971014494,2032367.5893719806,123.6968862049268,703001.881292081,81.3536011829502,304564.881292081,3743.7172646748254,4728,3743.7172646748254,398437.0,1.0
4735,2.0,1.0,55,456185.0,3, Campo Belo,3.2318840579710146,2.7681159420289854,190.84057971014494,2032367.5893719806,123.6968862049268,841803.736994013,83.34714583684593,385618.73699401296,4626.657975173752,4735,4626.657975173752,456185.0,1.0
4736,1.0,1.0,45,373243.0,2, Campo Belo,3.2318840579710146,2.7681159420289854,190.84057971014494,2032367.5893719806,123.6968862049268,749269.1665260585,82.01811606758213,376026.16652605846,4584.672076791139,4736,4584.672076791139,373243.0,1.0
4772,2.0,1.0,88,482555.0,2, Campo Belo,3.2318840579710146,2.7681159420289854,190.84057971014494,2032367.5893719806,123.6968862049268,1147167.8195382634,87.73294407541655,664612.8195382634,7575.407693681774,4772,7575.407693681774,482555.0,1.0
4786,2.0,1.0,70,463297.0,2, Campo Belo,3.2318840579710146,2.7681159420289854,190.84057971014494,2032367.5893719806,123.6968862049268,980605.592695945,85.34069049074168,517308.59269594494,6061.687452037501,4786,6061.687452037501,463297.0,1.0
4807,2.0,2.0,78,619182.0,1, Campo Belo,3.2318840579710146,2.7681159420289854,190.84057971014494,2032367.5893719806,123.6968862049268,1149501.898707108,90.36555430992993,530319.8987071081,5868.606713662722,4807,5868.606713662722,619182.0,1.0
4811,1.0,1.0,35,213932.0,1, Campo Belo,3.2318840579710146,2.7681159420289854,190.84057971014494,2032367.5893719806,123.6968862049268,656734.5960581035,80.68908629831829,442802.5960581035,5487.763170610253,4811,5487.763170610253,213932.0,1.0
4816,1.0,1.0,26,316509.0,1, Campo Belo,3.2318840579710146,2.7681159420289854,190.84057971014494,2032367.5893719806,123.6968862049268,573453.4826369444,79.49295950598085,256944.4826369444,3232.2923216566437,4816,3232.2923216566437,316509.0,1.0
4820,2.0,2.0,72,573268.0,3, Campo Belo,3.2318840579710146,2.7681159420289854,190.84057971014494,2032367.5893719806,123.6968862049268,1093981.1564263355,89.56813644837163,520713.15642633545,5813.598195452933,4820,5813.598195452933,573268.0,1.0
4836,2.0,2.0,77,438621.0,2, Campo Belo,3.2318840579710146,2.7681159420289854,190.84057971014494,2032367.5893719806,123.6968862049268,1140248.4416603127,90.23265133300356,701627.4416603127,7775.7600081034625,4836,7775.7600081034625,438621.0,1.0
4840,2.0,1.0,65,393459.0,3, Campo Belo,3.2318840579710146,2.7681159420289854,190.84057971014494,2032367.5893719806,123.6968862049268,934338.3074619677,84.67617560610978,540879.3074619677,6387.620881438825,4840,6387.620881438825,393459.0,1.0
5026,2.0,1.0,97,634171.0,3, Santa Cecilia,2.9693486590038316,1.8505747126436782,177.95019157088123,1803825.5057471264,127.25376894529487,1113304.7385867683,87.39380363495692,479133.7385867683,5482.468077349114,5026,5482.468077349114,634171.0,1.0
5057,2.0,1.0,46,310119.0,3, Santa Cecilia,2.9693486590038316,1.8505747126436782,177.95019157088123,1803825.5057471264,127.25376894529487,641378.4292001997,80.61575181171145,331259.42920019967,4109.1154241654785,5057,4109.1154241654785,310119.0,1.0
5220,1.0,1.0,50,355137.0,2, Paraíso,2.81025641025641,1.876923076923077,151.4923076923077,1678502.0205128205,123.12797117947878,614154.9909684565,74.80161066403267,259017.9909684565,3462.732803065185,5220,3462.732803065185,355137.0,1.0
5261,1.0,1.0,46,260801.0,1, Paraíso,2.81025641025641,1.876923076923077,151.4923076923077,1678502.0205128205,123.12797117947878,577141.1627812746,74.26999875632714,316340.16278127464,4259.326350861495,5261,4259.326350861495,260801.0,1.0
5605,3.0,1.0,94,578875.0,2, Itaim Bibi,2.7077464788732395,1.8345070422535212,139.34859154929578,1774446.5915492957,128.77303797968133,1070485.5687312295,80.7043504953466,491610.5687312295,6091.500219180572,5605,6091.500219180572,578875.0,1.0
5882,3.0,1.0,158,940813.0,2, Higienópolis,2.971830985915493,1.6854460093896713,186.5962441314554,1952789.9953051643,115.39489956950288,1754120.5936066282,93.22788108918425,813307.5936066282,8723.866552631362,5882,8723.866552631362,940813.0,1.0
5911,2.0,1.0,45,411378.0,1, Higienópolis,2.971830985915493,1.6854460093896713,186.5962441314554,1952789.9953051643,115.39489956950288,708479.9473187407,78.2098446965031,297101.94731874065,3798.779405222686,5911,3798.779405222686,411378.0,1.0
5962,2.0,1.0,76,477800.0,2, Higienópolis,2.971830985915493,1.6854460093896713,186.5962441314554,1952789.9953051643,115.39489956950288,995337.1157694,82.32983698122092,517537.1157694,6286.14284621319,5962,6286.14284621319,477800.0,1.0
6011,2.0,1.0,90,571415.0,2, Higienópolis,2.971830985915493,1.6854460093896713,186.5962441314554,1952789.9953051643,115.39489956950288,1124885.5144245366,84.19047865819027,553470.5144245366,6574.027410766996,6011,6574.027410766996,571415.0,1.0
6167,2.0,1.0,68,480552.0,1, Vila Madalena,2.7532467532467533,2.4545454545454546,166.92207792207793,1991522.142857143,126.71099735055812,941162.4604237094,81.84629144873094,460610.46042370936,5627.74992330885,6167,5627.74992330885,480552.0,1.0
6227,1.0,2.0,39,430213.0,1, Vila Madalena,2.7532467532467533,2.4545454545454546,166.92207792207793,1991522.142857143,126.71099735055812,767680.8557034403,81.95374512164307,337467.85570344026,4117.784430748593,6227,4117.784430748593,430213.0,1.0
6262,2.0,1.0,70,547514.0,1, Vila Madalena,2.7532467532467533,2.4545454545454546,166.92207792207793,1991522.142857143,126.71099735055812,959669.3745173004,82.1120974025837,412155.3745173004,5019.423295163956,6262,5019.423295163956,547514.0,1.0
6287,2.0,1.0,65,419972.0,2, Indianópolis,3.007518796992481,2.2969924812030076,157.52255639097746,1887248.969924812,116.5378212228748,859954.61630986,76.03124076014868,439982.61630986,5786.866186990786,6287,5786.866186990786,419972.0,1.0
6295,2.0,1.0,92,619258.0,2, Indianópolis,3.007518796992481,2.2969924812030076,157.52255639097746,1887248.969924812,116.5378212228748,1109797.9565733375,79.619621137161,490539.95657333755,6161.043591607685,6295,6161.043591607685,619258.0,1.0
6312,1.0,1.0,30,322093.0,2, Indianópolis,3.007518796992481,2.2969924812030076,157.52255639097746,1887248.969924812,116.5378212228748,536083.6196720186,71.3796365677253,213990.61967201857,2997.92251630454,6312,2997.92251630454,322093.0,1.0
6356,2.0,1.0,99,535551.0,3, Indianópolis,3.007518796992481,2.2969924812030076,157.52255639097746,1887248.969924812,116.5378212228748,1174572.1559009056,80.54994197564565,639021.1559009056,7933.229251662456,6356,7933.229251662456,535551.0,1.0
6375,1.0,3.0,42,488204.0,3, Indianópolis,3.007518796992481,2.2969924812030076,157.52255639097746,1887248.969924812,116.5378212228748,836862.403507163,80.89775229839631,348658.40350716305,4309.865152014548,6375,4309.865152014548,488204.0,1.0
6507,3.0,1.0,127,759023.0,2, Indianópolis,3.007518796992481,2.2969924812030076,157.52255639097746,1887248.969924812,116.5378212228748,1433668.9532111788,84.27122532958435,674645.9532111788,8005.650215392522,6507,8005.650215392522,759023.0,1.0
6566,2.0,1.0,58,286648.0,3, Aclimação,2.831858407079646,1.9823008849557522,147.15929203539824,1327768.168141593,105.49763224144773,508406.41565899993,68.18521588170353,221758.41565899993,3252.294691619587,6566,3252.294691619587,286648.0,1.0
6640,2.0,1.0,83,432519.0,3, Aclimação,2.831858407079646,1.9823008849557522,147.15929203539824,1327768.168141593,105.49763224144773,739742.8418288867,71.50779030486308,307223.84182888665,4296.368836445406,6640,4296.368836445406,432519.0,1.0
6706,4.0,4.0,234,1001630.0,2, Vila Leopoldina,3.246913580246914,2.308641975308642,151.62962962962962,1478964.7160493827,136.02278429189096,2499119.8698163675,115.19586595185771,1497489.8698163675,12999.510507106164,6706,12999.510507106164,1001630.0,1.0
6905,2.0,1.0,85,531961.0,3, Cidade Monções,2.6951219512195124,2.073170731707317,143.6829268292683,1658907.3658536586,125.07001898840096,927982.3230100402,78.71791972382186,396021.3230100402,5030.891624162103,6905,5030.891624162103,531961.0,1.0
6926,3.0,1.0,93,584046.0,1, Cidade Monções,2.6951219512195124,2.073170731707317,143.6829268292683,1658907.3658536586,125.07001898840096,1002009.9793844039,79.78114353923291,417963.9793844039,5238.881781368142,6926,5238.881781368142,584046.0,1.0
6927,3.0,1.0,90,565205.0,1, Cidade Monções,2.6951219512195124,2.073170731707317,143.6829268292683,1658907.3658536586,125.07001898840096,974249.6082440177,79.38243460845379,409044.6082440177,5152.8352621280865,6927,5152.8352621280865,565205.0,1.0
7172,3.0,2.0,198,907172.0,2, Mooca,2.8255813953488373,1.813953488372093,107.44186046511628,743005.9418604651,82.57637817417161,1599026.508891506,74.51558698136236,691854.5088915059,9284.695147936642,7172,9284.695147936642,907172.0,1.0
7496,2.0,1.0,70,391440.0,1, Perdizes,2.9554317548746516,2.050139275766017,144.80222841225626,1483231.4568245125,107.03149244253039,699133.9756182733,70.25248892867845,307693.97561827325,4379.830242465139,7496,4379.830242465139,391440.0,1.0
7643,1.0,1.0,35,222197.0,1, Perdizes,2.9554317548746516,2.050139275766017,144.80222841225626,1483231.4568245125,107.03149244253039,375262.97898043203,65.60088473625507,153065.97898043203,2333.2913815998945,7643,2333.2913815998945,222197.0,1.0
7649,3.0,1.0,60,351037.0,2, Perdizes,2.9554317548746516,2.050139275766017,144.80222841225626,1483231.4568245125,107.03149244253039,606599.4051503188,68.92345915941462,255562.40515031875,3707.9161183599726,7649,3707.9161183599726,351037.0,1.0
7787,3.0,1.0,62,527842.0,3, Alto de Pinheiros,3.2264150943396226,2.6226415094339623,191.58490566037736,2220097.2641509436,144.21296271710528,1002802.8466882878,91.96383446602155,474960.8466882878,5164.648140718562,7787,5164.648140718562,527842.0,1.0
7788,3.0,1.0,70,595951.0,1, Alto de Pinheiros,3.2264150943396226,2.6226415094339623,191.58490566037736,2220097.2641509436,144.21296271710528,1076830.5030626515,93.0270582814326,480879.5030626515,5169.243357216111,7788,5169.243357216111,595951.0,1.0
7789,3.0,1.0,62,527842.0,1, Alto de Pinheiros,3.2264150943396226,2.6226415094339623,191.58490566037736,2220097.2641509436,144.21296271710528,1002802.8466882878,91.96383446602155,474960.8466882878,5164.648140718562,7789,5164.648140718562,527842.0,1.0
7790,3.0,1.0,62,527842.0,1, Alto de Pinheiros,3.2264150943396226,2.6226415094339623,191.58490566037736,2220097.2641509436,144.21296271710528,1002802.8466882878,91.96383446602155,474960.8466882878,5164.648140718562,7790,5164.648140718562,527842.0,1.0
7794,3.0,1.0,62,527842.0,2, Alto de Pinheiros,3.2264150943396226,2.6226415094339623,191.58490566037736,2220097.2641509436,144.21296271710528,1002802.8466882878,91.96383446602155,474960.8466882878,5164.648140718562,7794,5164.648140718562,527842.0,1.0
7795,2.0,1.0,50,425679.0,1, Alto de Pinheiros,3.2264150943396226,2.6226415094339623,191.58490566037736,2220097.2641509436,144.21296271710528,891761.3621267423,90.36899874290495,466082.36212674226,5157.547041687627,7795,5157.547041687627,425679.0,1.0
7796,2.0,1.0,58,493788.0,2, Alto de Pinheiros,3.2264150943396226,2.6226415094339623,191.58490566037736,2220097.2641509436,144.21296271710528,965789.018501106,91.432222558316,472001.01850110595,5162.304987172995,7796,5162.304987172995,493788.0,1.0
7797,3.0,1.0,62,527842.0,2, Alto de Pinheiros,3.2264150943396226,2.6226415094339623,191.58490566037736,2220097.2641509436,144.21296271710528,1002802.8466882878,91.96383446602155,474960.8466882878,5164.648140718562,7797,5164.648140718562,527842.0,1.0
7804,2.0,1.0,65,531878.0,2, Alto de Pinheiros,3.2264150943396226,2.6226415094339623,191.58490566037736,2220097.2641509436,144.21296271710528,1030563.2178286742,92.3625433968007,498685.21782867424,5399.214870970605,7804,5399.214870970605,531878.0,1.0
7819,2.0,1.0,53,357340.0,1, Alto de Pinheiros,3.2264150943396226,2.6226415094339623,191.58490566037736,2220097.2641509436,144.21296271710528,919521.7332671287,90.7677076736841,562181.7332671287,6193.6314981998785,7819,6193.6314981998785,357340.0,1.0
7920,2.0,1.0,65,360927.0,3, Real Parque,3.475,3.225,223.7375,1646662.5125,94.13479831190955,736636.8173076306,79.28233651687758,375709.81730763055,4738.884268725476,7920,4738.884268725476,360927.0,1.0
7935,2.0,2.0,226,1179500.0,1, Real Parque,3.475,3.225,223.7375,1646662.5125,94.13479831190955,2321312.0514784995,104.64135580580228,1141812.0514784995,10911.671037572574,7935,10911.671037572574,1179500.0,1.0
7936,3.0,1.0,108,563656.0,1, Real Parque,3.475,3.225,223.7375,1646662.5125,94.13479831190955,1134535.4703198355,84.997164524712,570879.4703198355,6716.453113607789,7936,6716.453113607789,563656.0,1.0
7944,2.0,2.0,87,535599.0,3, Real Parque,3.475,3.225,223.7375,1646662.5125,94.13479831190955,1035081.5219739303,86.1678420130352,499482.5219739303,5796.623314511812,7944,5796.623314511812,535599.0,1.0
7948,2.0,2.0,85,565126.0,2, Real Parque,3.475,3.225,223.7375,1646662.5125,94.13479831190955,1016574.6078803393,85.90203605918242,451448.60788033926,5255.388912659912,7948,5255.388912659912,565126.0,1.0
7955,3.0,3.0,178,1050640.0,1, Real Parque,3.475,3.225,223.7375,1646662.5125,94.13479831190955,1972014.762869117,102.22365291711316,921374.7628691171,9013.32261738096,7955,9013.32261738096,1050640.0,1.0
7963,4.0,4.0,200,1142340.0,2, Real Parque,3.475,3.225,223.7375,1646662.5125,94.13479831190955,2270459.4675354166,109.10915841327079,1128119.4675354166,10339.365493613825,7963,10339.365493613825,1142340.0,1.0
7967,4.0,4.0,216,1195020.0,3, Real Parque,3.475,3.225,223.7375,1646662.5125,94.13479831190955,2418514.780284144,111.23560604409289,1223494.780284144,10999.129000107758,7967,10999.129000107758,1195020.0,1.0
7970,3.0,2.0,125,715739.0,2, Real Parque,3.475,3.225,223.7375,1646662.5125,94.13479831190955,1386712.8897521582,91.21815513623773,670973.8897521582,7355.705547322609,7970,7355.705547322609,715739.0,1.0
7971,2.0,1.0,94,512144.0,2, Real Parque,3.475,3.225,223.7375,1646662.5125,94.13479831190955,1004987.0716646991,83.13652284774265,492843.0716646991,5928.117448059484,7971,5928.117448059484,512144.0,1.0
7980,1.0,1.0,45,314495.0,3, Real Parque,3.475,3.225,223.7375,1646662.5125,94.13479831190955,551567.6763717213,76.62427697834994,237072.67637172132,3093.9629804103183,7980,3093.9629804103183,314495.0,1.0
7990,3.0,1.0,135,848723.0,1, Planalto Paulista,3.1636363636363636,2.418181818181818,181.27272727272728,1970343.9454545456,118.52603931965797,1550288.738835682,90.36800951967771,701565.7388356819,7763.430251088084,7990,7763.430251088084,848723.0,1.0
8004,1.0,1.0,33,324341.0,3, Planalto Paulista,3.1636363636363636,2.418181818181818,181.27272727272728,1970343.9454545456,118.52603931965797,606436.1200625447,76.81190587318676,282095.1200625447,3672.5442085537097,8004,3672.5442085537097,324341.0,1.0
8005,3.0,1.0,75,518241.0,2, Planalto Paulista,3.1636363636363636,2.418181818181818,181.27272727272728,1970343.9454545456,118.52603931965797,995081.3160279542,82.39383090409481,476840.3160279542,5787.330323103792,8005,5787.330323103792,518241.0,1.0
8006,2.0,1.0,85,534381.0,1, Planalto Paulista,3.1636363636363636,2.418181818181818,181.27272727272728,1970343.9454545456,118.52603931965797,1087615.886495909,83.72286067335864,553234.886495909,6607.931000522456,8006,6607.931000522456,534381.0,1.0
8007,2.0,1.0,70,440079.0,2, Planalto Paulista,3.1636363636363636,2.418181818181818,181.27272727272728,1970343.9454545456,118.52603931965797,948814.0307939767,81.72931601946289,508735.03079397674,6224.63340660807,8007,6224.63340660807,440079.0,1.0
8008,2.0,1.0,65,408644.0,3, Planalto Paulista,3.1636363636363636,2.418181818181818,181.27272727272728,1970343.9454545456,118.52603931965797,902546.7455599995,81.06480113483099,493902.7455599995,6092.690522222043,8008,6092.690522222043,408644.0,1.0
8010,3.0,2.0,93,614287.0,1, Planalto Paulista,3.1636363636363636,2.418181818181818,181.27272727272728,1970343.9454545456,118.52603931965797,1256512.1925070721,88.7477244925469,642225.1925070721,7236.525738313512,8010,7236.525738313512,614287.0,1.0
8026,2.0,1.0,71,488757.0,1, Planalto Paulista,3.1636363636363636,2.418181818181818,181.27272727272728,1970343.9454545456,118.52603931965797,958067.4878407724,81.86221899638929,469310.4878407724,5732.931425441477,8026,5732.931425441477,488757.0,1.0
8029,3.0,1.0,110,691552.0,1, Planalto Paulista,3.1636363636363636,2.418181818181818,181.27272727272728,1970343.9454545456,118.52603931965797,1318952.3126657952,87.04543509651816,627400.3126657952,7207.733661967661,8029,7207.733661967661,691552.0,1.0
8033,3.0,1.0,75,560882.0,3, Planalto Paulista,3.1636363636363636,2.418181818181818,181.27272727272728,1970343.9454545456,118.52603931965797,995081.3160279542,82.39383090409481,434199.3160279542,5269.803713015307,8033,5269.803713015307,560882.0,1.0
8044,4.0,4.0,300,1604940.0,1, Morumbi,3.2203389830508473,2.6440677966101696,188.66101694915255,1439453.6949152541,85.53517297522406,3691070.5133957304,137.92286495039025,2086130.5133957304,15125.342082664067,8044,15125.342082664067,1604940.0,1.0
8047,3.0,2.0,83,521772.0,3, Morumbi,3.2203389830508473,2.6440677966101696,188.66101694915255,1439453.6949152541,85.53517297522406,891858.3269258107,76.0425294119311,370086.32692581066,4866.833465270607,8047,4866.833465270607,521772.0,1.0
8060,4.0,2.0,205,1006220.0,2, Morumbi,3.2203389830508473,2.6440677966101696,188.66101694915255,1439453.6949152541,85.53517297522406,2020780.0866348573,92.2566925969497,1014560.0866348573,10997.143492529689,8060,10997.143492529689,1006220.0,1.0
8061,4.0,2.0,205,1006220.0,1, Morumbi,3.2203389830508473,2.6440677966101696,188.66101694915255,1439453.6949152541,85.53517297522406,2020780.0866348573,92.2566925969497,1014560.0866348573,10997.143492529689,8061,10997.143492529689,1006220.0,1.0
8062,4.0,2.0,245,1202560.0,2, Morumbi,3.2203389830508473,2.6440677966101696,188.66101694915255,1439453.6949152541,85.53517297522406,2390918.3685066756,97.57281167400498,1188358.3685066756,12179.195701329512,8062,12179.195701329512,1202560.0,1.0
8063,4.0,2.0,205,1006220.0,2, Morumbi,3.2203389830508473,2.6440677966101696,188.66101694915255,1439453.6949152541,85.53517297522406,2020780.0866348573,92.2566925969497,1014560.0866348573,10997.143492529689,8063,10997.143492529689,1006220.0,1.0
8064,4.0,4.0,198,1089430.0,1, Morumbi,3.2203389830508473,2.6440677966101696,188.66101694915255,1439453.6949152541,85.53517297522406,2145743.186580888,99.24965176601944,1056313.186580888,10642.991363547966,8064,10642.991363547966,1089430.0,1.0
8073,3.0,1.0,67,360670.0,2, Morumbi,3.2203389830508473,2.6440677966101696,188.66101694915255,1439453.6949152541,85.53517297522406,648934.3645402836,69.9544417773318,288264.36454028357,4120.744261784581,8073,4120.744261784581,360670.0,1.0
8074,3.0,2.0,115,619060.0,3, Morumbi,3.2203389830508473,2.6440677966101696,188.66101694915255,1439453.6949152541,85.53517297522406,1187968.9524232654,80.29542467357533,568908.9524232654,7085.197627835568,8074,7085.197627835568,619060.0,1.0
8079,4.0,3.0,170,882769.0,2, Morumbi,3.2203389830508473,2.6440677966101696,188.66101694915255,1439453.6949152541,85.53517297522406,1791777.7396338156,91.56672840830353,909008.7396338156,9927.282053591249,8079,9927.282053591249,882769.0,1.0
8081,2.0,1.0,49,278278.0,1, Morumbi,3.2203389830508473,2.6440677966101696,188.66101694915255,1439453.6949152541,85.53517297522406,482372.13769796514,67.56218819265692,204094.13769796514,3020.8337408489588,8081,3020.8337408489588,278278.0,1.0
8085,3.0,1.0,58,322568.0,3, Morumbi,3.2203389830508473,2.6440677966101696,188.66101694915255,1439453.6949152541,85.53517297522406,565653.2511191245,68.75831498499434,243085.25111912447,3535.3578861287515,8085,3535.3578861287515,322568.0,1.0
8087,2.0,2.0,66,419282.0,3, Morumbi,3.2203389830508473,2.6440677966101696,188.66101694915255,1439453.6949152541,85.53517297522406,734549.5571302876,73.78317880418263,315267.55713028763,4272.892036367722,8087,4272.892036367722,419282.0,1.0
8089,3.0,3.0,186,763658.0,3, Morumbi,3.2203389830508473,2.6440677966101696,188.66101694915255,1439453.6949152541,85.53517297522406,1939833.052382543,93.69317603912563,1176175.052382543,12553.476166624774,8089,12553.476166624774,763658.0,1.0
8136,3.0,3.0,300,1504030.0,2, Jardim Leonor,1.8653846153846154,2.076923076923077,108.9423076923077,1262078.6538461538,133.05419826613596,3412749.8746768907,132.26926109772535,1908719.8746768907,14430.562768976677,8136,14430.562768976677,1504030.0,1.0
8163,2.0,2.0,70,531128.0,2, Jardim Vila Mariana,3.3,2.75,166.16666666666666,1757893.1833333333,127.12276394975403,934786.4413757508,85.55640916516563,403658.4413757508,4718.038605342739,8163,4718.038605342739,531128.0,1.0
8164,1.0,1.0,45,341439.0,2, Jardim Vila Mariana,3.3,2.75,166.16666666666666,1757893.1833333333,127.12276394975403,608581.3655690646,78.27219473822888,267142.3655690646,3412.9918863587172,8164,3412.9918863587172,341439.0,1.0
8169,2.0,1.0,73,500518.0,1, Jardim Vila Mariana,3.3,2.75,166.16666666666666,1757893.1833333333,127.12276394975403,867678.1628793378,81.99347809216758,367160.1628793378,4477.919115305962,8169,4477.919115305962,500518.0,1.0
8295,3.0,2.0,123,726357.0,3, Alto da Lapa,3.03125,2.390625,159.5,1562538.578125,96.44227201306269,1325086.431268688,80.32740984354717,598729.4312686881,7453.613062276338,8295,7453.613062276338,726357.0,1.0
8303,2.0,1.0,70,381477.0,1, Alto da Lapa,3.03125,2.390625,159.5,1562538.578125,96.44227201306269,739784.5581517287,69.32191206267171,358307.5581517287,5168.748920655771,8303,5168.748920655771,381477.0,1.0
